file_id,label
0,1
1,1
2,0
3,0
4,1
5,1
6,1
7,0
8,0
9,1
10,0
11,1
12,1
13,0
14,1
15,1
16,0
17,1
18,1
19,0
20,1
21,0
22,1
23,1
24,1
25,0
26,0
27,1
28,1
29,1
30,1
31,1
32,1
33,0
34,0
35,0
36,1
37,1
38,0
39,0
40,1
41,1
42,0
43,0
44,0
45,1
46,1
47,0
48,0
49,1
50,1
51,1
52,0
53,1
54,0
55,1
56,1
57,0
58,1
59,0
60,1
61,1
62,1
63,1
64,1
65,1
66,1
67,1
68,0
69,1
70,1
71,0
72,0
73,1
74,1
75,0
76,0
77,1
78,1
79,0
80,0
81,1
82,0
83,0
84,1
85,0
86,1
87,0
88,0
89,1
90,1
91,0
92,0
93,0
94,0
95,0
96,0
97,1
98,0
99,0
100,1
101,0
102,0
103,1
104,0
105,1
106,1
107,1
108,1
109,1
110,0
111,0
112,0
113,0
114,0
115,0
116,0
117,1
118,1
119,0
120,0
121,1
122,1
123,0
124,0
125,0
126,1
127,1
128,0
129,1
130,1
131,1
132,0
133,0
134,1
135,0
136,1
137,1
138,1
139,0
140,1
141,0
142,0
143,0
144,0
145,0
146,0
147,0
148,1
149,1
150,0
151,0
152,1
153,0
154,0
155,1
156,0
157,0
158,0
159,0
160,1
161,1
162,1
163,1
164,0
165,0
166,1
167,0
168,0
169,1
170,0
171,1
172,0
173,0
174,1
175,0
176,1
177,0
178,0
179,1
180,0
181,0
182,0
183,0
184,1
185,1
186,0
187,0
188,0
189,0
190,1
191,0
192,0
193,0
194,1
195,0
196,0
197,1
198,0
199,1
200,1
201,1
202,1
203,1
204,1
205,0
206,0
207,1
208,0
209,0
210,1
211,1
212,1
213,1
214,1
215,1
216,1
217,1
218,0
219,1
220,1
221,1
222,0
223,0
224,0
225,1
226,1
227,0
228,1
229,1
230,1
231,1
232,1
233,1
234,1
235,1
236,1
237,1
238,1
239,1
240,0
241,0
242,1
243,1
244,1
245,1
246,1
247,1
248,0
249,1
250,1
251,1
252,1
253,1
254,1
255,1
256,1
257,0
258,1
259,1
260,0
261,1
262,1
263,0
264,1
265,1
266,1
267,0
268,1
269,1
270,1
271,1
272,0
273,0
274,0
275,1
276,0
277,1
278,1
279,0
280,1
281,1
282,1
283,1
284,1
285,1
286,1
287,1
288,1
289,1
290,1
291,1
292,1
293,0
294,1
295,0
296,0
297,1
298,1
299,1
300,0
301,1
302,1
303,1
304,1
305,1
306,1
307,0
308,1
309,0
310,1
311,1
312,1
313,1
314,1
315,1
316,0
317,1
318,1
319,1
320,1
321,0
322,1
323,1
324,1
325,1
326,1
327,1
328,1
329,1
330,1
331,1
